351,Lorenzo,803729,Eloise
719,Woodrow,758271,Catherin
948,Bekki,703094,Shem
707,Ami,662874,Ragnar
727,Libby,547424,Alanah
153,Trenna,585585,Kinnie
258,Othilie,498606,Michelle
215,Celka,934908,Hendrick
424,Mathe,526097,Mabel
514,Georges,850879,Andromache
164,Ad,109423,Mano
933,Trstram,416591,Debor
985,Grove,262824,Nadean
892,Linoel,43564,Adara
323,Esme,396188,Nikolaus
926,Tibold,570936,Isabeau
301,Sheppard,576580,Kingsly
797,Angelica,52614,Magdalen
980,Guthrey,188166,Winona
321,Rochette,233454,Daffi
696,Geoffry,473608,Kaila
270,Gayel,527521,Velvet
241,Ruperta,125694,Nance
410,Roy,562521,Tedda
974,Vaughn,283238,Gussie
465,Desirae,20301,Tedie
752,Cleavland,497234,Gardy
991,Zabrina,442844,Esdras
537,Marinna,977197,Hobey
604,Delmer,274075,Victoria
339,Terrence,830453,Ricard
446,Melodee,153898,Tamra
743,Meghan,184932,Verene
724,Blanch,948272,Corene
212,Bart,176691,Constantina
729,Merla,338484,Masha
398,Roldan,67118,Marlo
756,Blondie,924005,Belva
951,Artus,27671,Kain
224,Warden,209666,Crissy
268,Atlante,360224,Corina
130,Melisent,229665,Emelyne
976,Luisa,648516,Krispin
851,Jon,688491,Aluin
489,Brigit,697473,Kirstin
490,Kerk,219448,Court
576,Catharina,212414,Sam
891,Wolf,471449,Gale
692,Theodore,654036,Kristel
510,Tan,687198,Winne
433,Denyse,36605,Reade
681,Kendra,167356,Willamina
626,Valene,470317,Mame
265,Laryssa,972972,Joycelin
809,Phip,506379,Arlyne
205,Liliane,381322,Philippe
395,Gonzalo,177493,Darill
376,Deonne,865643,Brunhilda
407,Nancey,344735,Ashlie
557,Louie,769518,Nonah
855,Wallie,192423,Carly
458,Algernon,170316,Jayson
162,Lindie,394543,Otes
106,Lizette,864325,Graeme
333,Puff,162715,Aurore
309,Alasteir,808862,Thurston
161,Sher,38614,Garrott
877,Odette,713856,Meaghan
796,Bucky,538366,Arda
579,Codi,67443,Myrtle
536,Gustaf,393782,Darcey
393,Larine,770884,Naoma
116,Waylan,678925,Adrianna
828,Damian,204752,Maggee
625,Dona,7410,Kora
849,Idalia,247932,Johan
264,Pollyanna,524655,Leonardo
770,Sherill,727036,Lilith
915,Elwyn,45395,Hollis
195,Tobi,950547,Jessalin
607,Dora,248274,D'arcy
472,Shep,227218,Yardley
952,Annabela,476071,Melessa
177,Brand,469523,Buckie
918,Ilse,557891,Gilberte
288,Nanon,39104,Ryan
180,Bessie,668118,Irv
929,Lane,888037,Trumaine
518,Ricky,452939,Brand
455,Keely,982787,Judy
794,Moreen,146784,Helaine
381,Any,375300,Joshia
675,Eliot,329949,Chrystel
917,Olly,414570,Kort
709,Kathryne,504416,Eula
717,Kizzie,35125,Edyth
341,Odelia,918565,Wally
221,Rosaline,402272,Maggy
928,Killian,594143,Melany
735,Rochester,383350,Shalne
984,Emma,872958,Maia
435,Jerrold,650629,Dory
527,Jephthah,530786,Rosalynd
282,Aubrie,735174,Creigh
318,Rickert,346838,Quincey
742,Devon,998792,Robyn
906,Amber,432833,Dolorita
400,Matt,855283,Patty
902,Michail,963032,Riki
481,Thibaud,14144,Katharine
598,Colin,758889,Gard
501,Annabella,11624,Mahmoud
623,Yuma,670511,Faustina
983,Murial,930727,Kelci
449,Riccardo,576737,Martynne
842,Dominique,572316,Terry
732,Drusie,8473,Gus
387,Dannie,737156,Lavinia
427,Tasia,812956,Heloise
499,Toma,815472,Lodovico
856,Elita,680473,Bendix
292,Augustin,12247,Brittni
669,Wanda,697396,Pauly
127,Gates,272037,Lolly
989,Celene,389535,Ilka
618,Chrissy,901388,Somerset
620,Alisha,403517,Kris
457,Gabriel,702181,Benton
818,Michell,725715,Tony
203,Artair,454110,Freddie
659,Jerrie,400342,Ardelis
728,Gene,129724,Helene
227,Wally,860337,Evanne
764,Tadio,324489,Rancell
899,Aggi,828984,Keefer
768,Hersh,873914,Colly
525,Becka,263090,Mallory
690,Noni,86743,Cass
487,Alasdair,978769,Milena
990,Arne,377823,Gardener
384,Iver,885773,Gabi
363,Nicholas,48186,Aurora
629,Valentijn,367567,Paco
185,Darryl,999582,Florian
115,Betteanne,468155,Linoel
222,Alphonso,586536,Dominique
123,Joellyn,7420,Charisse
331,Batholomew,192150,Lori
977,Barton,281124,Byrom
616,Alexa,155728,Dody
840,Iseabal,364532,Delia
416,Berenice,408001,Melisandra
819,Kirstin,42464,Jemimah
261,Roxana,556800,Kylen
451,Yehudit,290577,Anderea
488,Robenia,924899,Tomaso
864,George,938162,Roseanna
636,Simeon,898194,Waylon
731,Shani,228261,Karol
876,Leonanie,933648,Axel
749,Carlyle,951324,Reba
587,Kevyn,336689,Norrie
120,Veradis,619761,Garvin
213,Ayn,137109,Sidney
712,Sallyanne,97282,Darlleen
700,Alistair,279218,Vonni
934,Alair,416229,Faustine
800,Florella,422434,Adam
745,Mab,341250,Niels
744,Tripp,223992,Brendan
997,Nanci,962796,Charmion
901,Jourdain,694099,Northrop
337,Sonya,675156,Rocky
937,Cati,865442,Charmain
314,Cristin,15662,Cordy
401,Linell,66361,Branden
585,Harrietta,523645,Ilene
454,Nadean,867113,Alysa
869,Teresita,286592,Yard
656,Johna,620488,Godfry
969,Jada,601959,Prinz
904,Caterina,378168,Alejandro
354,Errol,153228,Dene
190,Kiel,97181,Grove
697,Ely,730805,Kingsly
678,Elberta,199843,Griffie
919,Dane,849277,Nikita
834,Othelia,45568,Tiena
706,Silvan,593931,Cam
708,Elvera,961423,Bridgette
947,Mac,890083,Maje
561,Clarke,560816,Jaimie
574,Andra,312394,Frazier
409,Arnoldo,113474,Kin
479,Morly,102051,Alisander
477,Gonzalo,266338,Alic
358,Kile,723923,Jolyn
903,Corry,499649,Debera
783,Jere,88844,Corenda
266,Con,780892,Enrique
978,Kala,61488,Thalia
202,Maurine,738613,Annnora
564,Jacynth,529204,Lyndsay
945,Sim,123371,Blake
546,Muriel,156255,Dulcine
199,Tabbatha,39094,Dudley
178,Yance,569544,Denna
365,Lynnea,591008,Ozzy
271,Abraham,130440,Elsie
975,Gerrard,91452,Ezequiel
295,Portia,936401,Thatch
761,Cleon,443772,Manny
208,Ignatius,201713,Kassandra
771,Morissa,123491,Devora
986,Lyndy,560974,Rena
124,Dorthy,316535,Xymenes
198,Federico,276584,Alfie
114,Letisha,806379,Reynold
422,Davidde,859105,Franky
755,Brucie,762438,Finn
544,Brett,587629,Wald
436,Susan,68365,Araldo
599,Collete,128735,Wilden
464,Trueman,127928,Aksel
932,Amalie,902297,Veradis
839,Em,694672,Justinn
343,Anastassia,869197,Derron
788,Eberhard,255317,Denyse
569,Brooks,73321,Gerianna
810,Belinda,373492,Edmon
188,Karia,484916,Tedie
714,Winn,370513,Gardiner
357,Paula,60975,Alair
773,Patin,271009,Joelynn
428,Annaliese,913703,Arvy
196,Tansy,477503,Shayne
641,Cooper,416432,Francene
588,Erna,708340,Kelbee
445,Lester,952184,Andra
890,Iggie,506653,Harri
166,Lois,259593,Callie
766,Mariquilla,782058,Em
573,Ania,934355,Konstantin
392,Wells,760988,Ruperta
386,Niki,57804,Tanhya
759,Kellby,129978,Merrilee
838,Lenette,723545,Joseito
505,Maud,872841,Cly
171,Giles,831961,Salvidor
898,Steffen,556479,Horten
121,Sayre,677659,Lisette
348,Daveta,697424,Michaelina
627,Guenevere,865867,Gregor
845,Seymour,536051,Teador
683,Pincus,656215,Amelita
377,Tiffie,944393,Natividad
680,Danny,180925,Emmanuel
949,Aurel,962889,Haslett
443,Reinald,831066,Jody
806,Morna,50361,Courtenay
875,Josi,23845,Constantine
548,Marline,777180,Link
737,Nell,948661,Cirilo
107,Launce,753298,Dell
459,Stephana,378736,Jillayne
540,Tabbie,913228,Russ
583,Tamma,664176,Athene
971,Crysta,957942,Lolly
955,Dorree,279244,Hildegaard
790,Gordy,646584,Nonah
444,Agnesse,330023,Sibella
498,Colby,59521,Sissy
872,Glenine,943021,Demetris
456,Phip,234413,Lizabeth
684,Thomasina,992133,Constanta
167,Quintus,508252,Valera
670,Suzann,868019,Ines
939,Hillyer,313553,Harp
289,Ralina,125678,Nady
821,Byrle,288887,Tallie
674,Hermann,127139,Cindee
852,Trever,967968,Jeramey
383,Allys,473515,Marco
893,Felicia,35559,Albert
460,Rosmunda,872187,Bear
757,Dean,830479,Lexie
437,Ollie,684437,Lurline
297,Vivienne,108357,Heddie
462,Vasili,274676,Kala
280,Yoshi,666879,Brenden
639,Rosina,37457,Nolan
677,Anderea,972436,Dania
857,Jonie,731180,Carlyn
801,Marion,779814,Valentino
868,Elyssa,986095,Donal
509,Aymer,753297,Hesther
439,Jannel,579977,Waneta
580,Modestia,232949,Mallissa
763,Irvin,730391,Hortense
330,Kristyn,687189,Gage
118,Westley,245689,Demetria
730,Horace,57027,Nana
184,Analise,248735,Ben
338,Nannette,747826,Jamesy
478,Staci,668596,Ellissa
165,Travers,292713,Cleopatra
149,Chicky,335526,Stanislaus
736,Connie,553756,Artemus
689,Fina,479317,Daniel
862,Wilton,65632,Perle
593,Nadia,546626,Dimitri
538,Ted,823826,Lind
930,Olivier,336872,Phelia
835,Nobe,932110,Welsh
522,Hurleigh,228539,Maxie
274,Jorie,423215,Cassie
512,Alix,594296,Anne
871,Annemarie,567984,Jaymie
173,Tabbatha,66634,Shurwood
299,Cinnamon,517827,Chloe
513,Crissie,76794,Wallie
844,Coop,424636,Ignaz
237,Beatrix,33570,Lorenzo
979,Ermin,94098,Burch
837,Brooks,838704,Reece
484,Rick,738136,Claudine
936,Elias,177339,Ofilia
102,Myrwyn,858735,Corissa
506,Bernhard,121945,Felisha
805,Lidia,941047,Orel
461,Cobbie,83633,Briano
497,Gwyneth,995548,Martainn
710,Ara,858948,Zelig
966,Chevy,24464,Krishna
279,Jarad,436491,Madelyn
865,Tomasine,200600,Peyter
470,Tristam,683028,Janice
586,Ulises,686322,Ira
380,Moritz,752259,Ferrell
138,Chen,876210,Vanny
740,Herold,962896,Dulsea
883,Cherice,853235,Jodi
137,Grazia,69736,Rebeka
371,Belle,937639,Lebbie
802,Hilde,840166,Beitris
566,Locke,378606,Loren
389,Pierette,722581,Nollie
440,Koralle,334837,Jarad
601,Tammie,423597,Gare
866,Ignatius,225727,Udale
508,Eddi,534243,Joyan
396,Livvie,967262,Bartolemo
711,Robinet,268127,Tomlin
910,Isa,451428,Dominick
888,Ware,439942,Sigfried
998,Bellina,551008,Gram
126,Katrina,475044,Prent
397,Haleigh,691041,Joey
359,Ellswerth,250680,Allyce
950,Marla,607507,Syd
243,Bax,75506,Garret
430,Leland,552799,Shaun
596,Olvan,762870,Chrisse
141,Dory,298155,Frasquito
664,Scarlet,806732,Cazzie
703,Elga,977400,Pail
660,Alanah,83201,Skell
833,Abigale,897062,Evelin
379,Bebe,83896,Ginger
667,Eddy,845097,Sibella
682,Forest,584753,Raye
471,Rochette,130458,Denney
399,Iosep,359827,Brande
304,Ingeberg,341463,Willa
575,Ofella,162392,Katheryn
302,Aeriel,404855,Bear
861,Cobb,860987,Taite
441,Gaven,438370,Ivonne
214,Liuka,456652,Wake
485,Queenie,971825,Boot
698,Otha,121719,Ofella
715,Ariella,555490,Maureen
272,Montgomery,697807,Wildon
799,Faunie,790351,Peggy
963,Morry,500442,Benni
597,Fredi,101793,Catharina
175,Hatty,921982,Hollie
571,Shoshanna,436182,Janina
784,Mace,322969,Reggy
829,Benoite,424365,Clerkclaude
822,Joeann,664171,Jasmin
914,Kermie,446598,Barny
134,Moyna,300512,Michel
836,Estele,307452,Henderson
841,Jamil,633885,Tomasine
466,Clair,785506,Gillan
431,Sarah,202140,Talia
390,Emmalynne,103136,Gerardo
520,Kimble,263995,Cristy
361,Minette,198819,Wilbert
550,Maible,818459,Josh
803,Cecile,924016,Leola
634,Alissa,720506,Cletus
539,Arlina,541210,Darrelle
931,Ade,679029,Chuck
473,Dael,768447,Ximenez
960,Shirley,880350,Austin
663,Hart,680662,Ulrike
780,Maje,167717,Shayla
158,Julio,322232,Jordan
541,Cly,989908,Sharleen
283,El,105339,Augie
964,Debi,733837,Yardley
306,Oralie,450723,Brod
319,Dodie,507378,Kimberly
128,Kennedy,932926,Amos
329,Tobie,388782,Amabelle
360,Kiersten,832705,Thorndike
210,Shannon,232095,Lilith
434,Calhoun,747327,Katrinka
772,Aleta,489634,Wally
373,Court,262215,Davide
558,Maxie,757370,Carmen
691,Dougie,972732,Joyce
132,Rosina,698763,Avictor
368,Hayward,760174,Reed
925,Christen,29793,Robinetta
142,Thomasa,881079,Wyn
492,Hildy,735788,Benny
404,Rosette,52404,Portia
786,Maurizia,560600,Valerye
253,Addy,573724,Agosto
235,Conrado,215578,Betsy
220,Terrijo,102839,Bobby
592,Courtnay,905905,Farley
619,Keane,502804,Michelle
572,Sharyl,210614,Winn
255,Shaine,201454,Rip
312,Deni,7822,Maddie
878,Timothy,82492,Lizette
502,Rena,140785,Kriste
552,Gaby,457517,Delmor
705,Bax,139019,Thibaud
581,Neala,716030,Jacquelynn
776,Glyn,264729,Edythe
516,Salomo,776139,Hardy
534,Essa,358700,Ilise
671,Robby,833587,Misti
417,Gus,882774,Laura
345,Frayda,733237,Letizia
812,Kathye,695496,Tristam
511,Donelle,380165,Freida
273,Rozele,878345,Ivie
109,Ramona,67963,Fara
560,Brande,59682,Kellia
594,Kat,637376,Gordan
276,Barbie,153786,Kennedy
935,Pierrette,446929,Ber
825,Chiquita,781307,Vaughn
897,Blair,674793,Francisco
535,Alexandros,433330,Hubert
789,Norene,386031,Vicky
247,Arley,813284,Jocko
135,Lisbeth,539537,Joeann
591,Say,175960,Rogers
956,Adrienne,349703,Anastasia
325,Wildon,66533,Thomasina
211,Ode,573477,Misha
701,Sophey,402895,Lyon
908,Brucie,54364,Belicia
111,Loutitia,40306,Lannie
113,Ilse,390163,Zola
549,Mellisa,885282,Georgeanna
528,Marget,507267,Bastian
133,Whitman,480137,Carine
853,Brian,829112,Tyrus
156,Devan,82736,Harley
695,Immanuel,844889,Cleveland
530,Marylynne,958212,Randolf
453,Johna,426875,Carroll
900,Wolfie,208267,Lurline
938,Friedrich,772338,Siward
259,Corabel,10611,Darnall
517,Anthea,240744,Ingamar
846,Emilia,625250,Elayne
327,Maighdiln,637182,Pancho
521,Kendricks,870909,Brigida
308,Jeffry,476111,Jackson
269,Tim,958773,Evelyn
232,Skippy,678028,Dyann
774,Etti,493901,Ferne
661,Lauralee,564202,Ashbey
307,Aland,267846,Kathie
317,Amabelle,681278,Benedetta
155,Wallis,770596,Avery
747,Blakeley,233563,Isac
532,Hew,546904,Winnie
754,Adriane,383015,Adolf
252,Viki,254568,Andros
972,Ashlen,111563,Linnie
223,Keefer,996293,Remus
814,Mack,887091,Rodd
344,Sacha,64237,Bo
236,Rita,916310,Brandtr
721,Drucy,685396,Melany
804,Loria,789478,Alma
687,Launce,477124,Becki
994,Stella,661310,Roxanne
927,Angelia,190236,Tabbie
476,Francois,503471,Hughie
507,Lutero,350430,Kissie
504,Ripley,624227,Bil
328,Alvy,997788,Armin
874,Mada,330436,Lucien
578,Romonda,196686,Stirling
831,Haily,701852,Barbie
291,Carey,310984,Gerome
467,Carrol,45804,Alexandrina
186,Cherice,873391,Darell
531,Mikkel,686503,Odey
642,Lucky,866764,Koo
447,Marjy,58847,Gussie
628,Alain,344247,Price
551,Mychal,384786,Henrik
882,Elsi,97277,Fanchon
665,Esdras,327343,Alyosha
189,Ashely,592683,Jamison
858,Drusilla,442772,Katrina
602,Vannie,43961,Even
679,Sadie,731975,Janek
356,Addison,838834,Hedy
496,Ora,278055,Donny
606,Towny,101452,Roobbie
425,Winni,436048,Massimiliano
943,Kristal,957696,Valaree
617,Leeland,583953,Dorie
545,Welch,486958,Morganica
151,Jarvis,507488,Doretta
615,Maximilian,45482,Yettie
108,Arron,748783,Alexandros
320,Alejoa,683201,Xavier
685,Eddi,711526,Bel
152,Leola,880852,Scottie
748,Maurise,28789,Gar
654,Rees,971073,Terrye
200,Kingsley,732072,Correy
816,Kennie,382549,Mollie
887,Wheeler,500651,Anthia
230,Sisile,660731,Silvester
336,Avivah,226238,Gabriel
169,Ibbie,59901,Maureen
610,Boyd,38977,Flossie
911,Orelie,690279,Amberly
515,Margette,209812,Mandie
758,Almeria,225221,Cassandre
450,Floria,342082,Lu
157,Basilius,53727,Meir
870,Allayne,926915,Griffy
843,Jarrett,7972,Calla
238,Gianni,395260,Sheffield
895,Roxy,565391,Karon
296,Pietro,623992,Thedric
662,Gerianne,381530,Boothe
559,Nikolai,557691,Peg
785,Shelden,68428,Bondy
941,Gardner,584798,Madelyn
565,Verena,230547,Archibald
285,Ivan,142646,Bernadina
340,Dulcinea,99181,Laurel
298,Kristin,457654,Zacharie
529,Mariana,82451,Boycey
823,Serene,64455,Deena
519,Isadore,561138,Lesley
920,Temple,814526,Petr
119,Nariko,5943,Rhianna
110,Sanford,996114,Constantina
250,Gerek,972632,Demetra
494,Sarene,265329,Kaylee
533,Elva,954952,Christopher
423,Phaedra,774806,Duffie
655,Burk,904119,Phaidra
713,Goldie,834970,Tirrell
468,Latia,144538,Israel
350,Traci,716924,Dar
193,Malory,857522,Alecia
231,Ernesto,923327,Octavius
183,Thibaut,685876,Gherardo
577,Libby,986467,Darlleen
867,Min,738851,Jonah
760,Bryce,369876,Kayle
480,Maxim,253050,Cecil
795,Kamillah,552879,Louis
916,Marlee,313095,Philomena
1042,Kennith,668184,Paulette
7885,Dukie,218335,Bea
1712,Darbee,733847,Trina
6634,Hildegarde,375089,Elaina
5469,Ardella,924928,Katherine
2097,Katharina,373898,Zorina
8824,Tadeas,219924,Kit
1054,Emmalee,373516,Burch
8929,Iormina,78427,Charlena
5473,Zenia,508022,Dorie
8813,Belicia,115633,Kingston
4095,Madel,742357,Phil
1705,Law,750527,Guglielma
4239,Britni,185744,Luke
6180,Sorcha,609699,Shurlock
2661,Earlie,795453,Modesty
7366,Ilsa,152778,Coralyn
1906,Niel,665276,Cassi
3545,Ivan,708356,Zachariah
3289,Florie,392945,Harriette
1868,Sioux,472909,Carmencita
7034,Merry,623874,Latrina
7816,Malissa,170998,Krystyna
2632,Giordano,210917,Ilyse
3574,Nonna,924013,Mollee
7308,Kaleena,302274,Rockie
5720,Leia,819076,Gwenneth
7283,Susette,719223,Augustina
8103,Gayle,625531,Jamil
7738,Daria,618903,Leda
6760,Maible,529680,Tootsie
8315,Brittani,617393,Jamie
2154,Moritz,310100,Hugo
5255,Rosalia,836506,Dew
3866,Brady,933326,Rutledge
6566,Thurston,489002,Laurie
3235,Fletcher,804963,Cassandra
5371,Ruprecht,669303,Linus
7193,Harriot,544910,Chan
5165,Shelbi,291916,Trixie
4157,Karalynn,901854,Boyce
2737,Erinna,20779,Gerianne
1353,Kaleb,653255,Miguel
4787,Ellynn,516602,Donnie
6613,Stepha,214175,Korie
1684,Gerhard,991769,Winnie
1052,Brewster,895245,Elvin
7012,Flossi,847771,Felipe
2645,Eleni,633077,Currey
6143,Clerc,655632,Gasparo
7601,Roosevelt,249159,Amelita
2087,Carola,58749,Claudio
6226,Toddy,923197,Aurie
6939,Daffi,211004,Frants
2236,Chrysa,883044,Hilda
7575,Bernita,547894,Reggis
4078,Alia,778668,Alia
5115,Daisey,813622,Aidan
3785,Trixie,181932,Meade
8954,Sinclair,236090,Dane
8617,Rosemonde,387867,Court
7658,Bernhard,681605,Dee
5092,Drud,223653,Seymour
7573,Laverne,108071,Marshall
3789,Gale,904141,Elissa
5139,Dedie,405817,Rikki
6537,Milly,427947,Kylen
8965,Debor,465172,Neill
8420,Kerianne,264935,Albie
6509,Bevvy,667465,Rachele
6158,Merv,160207,Nadia
6687,Fran,645701,Tripp
8447,Fonsie,940516,Elinor
1201,Emmie,716053,Xerxes
5336,Cyrillus,934513,Nadiya
3935,Theresita,101764,Augustine
4208,Walker,736596,Nefen
5361,Aurora,305157,Alfreda
5519,Zach,49428,Sydel
2583,Bengt,216985,Garvey
3340,Rem,11540,Quinta
6987,Sebastien,252834,Marion
1319,Darrelle,892659,Berrie
6771,Carolynn,720754,Arie
6021,Nance,842406,Patricio
4978,Jacob,176007,Onfroi
2015,Bethanne,882694,Cindelyn
4236,Reinwald,57642,Cletis
1112,Halsey,5498,Noble
7687,Angelique,102214,Drucy
5533,Merrel,850433,Lilah
1505,Maible,496982,Madelyn
4831,Cordie,831283,Frances
8647,Butch,682615,Arte
6498,Jed,293759,Lolita
6895,Chlo,913482,Ulises
5698,Bliss,174901,Inesita
5948,Tammie,478424,Britte
1243,Cosimo,669431,Annadiane
1517,Ema,430474,Tore
7313,Kellby,302383,Ben
4596,Jerad,343780,Ilka
8910,Ravid,611882,Rodolphe
8543,Far,348395,Sharleen
6013,Danita,155027,Jennilee
2585,Mirilla,745730,Arabella
2789,Edithe,240758,Annabelle
4227,Eldin,174486,Mirella
1498,Hymie,504470,Forbes
2374,Eloise,200339,Lars
7239,Eugenie,592927,Shaun
4076,Ileana,278806,Drusy
6665,Brade,120472,Mord
5998,Jayme,282743,Maurizia
2294,Robinet,774924,Verine
8359,Diandra,246103,Milton
6431,Mae,340674,Loralie
2680,Rebeca,897312,Vinny
3735,Celestia,429324,Sybil
2390,Gerianne,523708,Teodora
7618,Carlotta,944925,Christye
7424,Poul,580843,Denny
3692,Virgie,520345,Tiffany
7169,Adel,539662,Dalia
4315,Shandee,988859,Glynn
2282,Willy,705006,Klarrisa
2802,Ondrea,143644,Mathew
8518,Celeste,971457,Shela
4733,Hannie,323674,Julie
6655,Kanya,984020,Raphael
8572,Melodee,220981,Cathe
1120,Kristel,231997,Shawn
6472,Doug,625968,Geoffry
2091,Marlene,456782,Lea
6630,Valentino,71471,Boonie
7694,Marci,215856,Lindsey
1939,Baily,288256,Art
5557,Jayme,987033,Kelcey
2613,Bartholomew,271314,Meir
5340,Gabe,116254,Ketty
7054,Igor,96897,Gilburt
4678,Fallon,56137,Krystal
5522,Wini,700587,Ford
2837,Bethena,116087,Bathsheba
3013,Ruperto,958063,Yvonne
4263,Lennie,184980,Demetris
3520,Prisca,461420,Townie
4975,Thain,624710,Mei
5995,Alan,376029,Galina
2651,Maegan,743901,Hank
2206,Marna,114385,Devina
1888,Stu,600265,Pooh
6093,Cissy,522566,Penny
3739,Ekaterina,420723,Zilvia
1940,Cosette,953084,Lori
8869,Jandy,297343,Toni
5182,Patten,206121,Tan
8809,Meta,667741,Arte
1899,Celle,367508,Allene
4004,Michel,589820,Salmon
1924,Nikki,593266,Norri
5073,Bay,854234,Wilden
5778,Hyman,81475,Jerrilyn
6100,Trudie,508866,Cathi
2996,Austina,683112,Bronson
6375,Allissa,664940,Liza
6354,Marnie,10003,Garrett
3500,Pedro,428368,Ramonda
6587,Gabi,356647,Kesley
6317,Blancha,85876,Jakie
7907,Clair,822976,Haleigh
7586,Noland,651154,Cecilio
1263,Liliane,703226,Lina
7999,Audrie,522704,Kassi
3847,Marci,626578,Laverne
5581,Minnnie,736616,Isadore
2366,Geraldine,128477,Tallulah
1164,Augustine,218882,Drake
8571,Jessalyn,300107,Artur
1017,Annabelle,573161,Liesa
3472,Dionis,551941,Alane
4404,Carol-jean,668548,Tonya
8767,Napoleon,588051,Kiri
2757,Marietta,26019,Archibold
7950,Elora,389668,Dion
4380,Stacy,19315,Allie
1987,Flem,470170,Emelyne
3029,Sybil,179668,Ulla
8148,Nels,534975,Auguste
5422,Leonardo,949667,Genna
1530,Liv,938761,Rodina
3507,Freddie,807007,Leonerd
5685,Hollis,10427,Dierdre
5331,Winfred,306336,Guillermo
6710,Jenna,625704,Fianna
7746,Dorita,981590,Joelly
6129,Benoit,680625,Ingamar
5801,Cassaundra,617823,Donal
5757,Gavan,194944,Nils
7876,Dona,11796,Ulrikaumeko
4624,Lonnard,591558,Rozina
3372,Adlai,192890,Federico
2163,Cassandra,135702,Kathie
7209,Isidore,485458,Dara
3536,Ernestine,959426,Tallia
3887,Dun,514716,Krissie
2225,Jere,407191,Charmain
7328,Jonah,866976,Shalna
2933,Aggi,490624,Bobby
1816,Sarita,257948,Brander
5942,Nap,326904,Ame
4523,Noble,292312,Shari
4345,Iosep,855394,Ezra
5761,Raymond,174662,Jerrold
2016,Kerwinn,486171,Randal
4477,Bastien,727841,Justen
3123,Juliana,787409,Darn
3419,Jere,942573,Fallon
4774,Evelin,151984,Sonnnie
7568,Sophia,207990,Jacqueline
3708,Mariam,76408,Skipp
8002,Gaelan,621589,Mikkel
4029,Bernhard,961840,Derk
7281,Cori,910250,Geri
5097,Jacklyn,541042,Annalee
4168,Stacie,791006,Nettle
1035,Ardith,562771,Donal
8499,Amie,277851,Chris
8565,Shaine,283666,Katlin
3026,Ame,647891,Cicely
4396,Filmer,633079,Donn
7523,Nicol,191534,Cathee
8810,Erminie,108328,Annissa
6107,Madeline,808062,Merrily
2597,Selig,905694,Arvin
4257,Robb,83472,Marco
6490,Malia,732580,Jud
5837,Gram,858676,Jeremias
7481,Chiquita,63935,Serge
8345,Annalee,409456,Caesar
3385,Arlena,164054,Alexandro
8664,Janeta,458844,Jackson
5488,Shelby,490712,Ursa
3447,Mufinella,714055,Dag
6611,Marcel,321751,Wakefield
4496,Ardelis,186677,Teddy
8657,Sharona,923891,Melvyn
4714,Adan,140539,Jobie
4956,Quint,849721,Freddie
3370,Candis,281740,Natala
4792,Vidovik,629305,Frank
2655,Bucky,56898,Ansell
3322,Chandler,477338,Katerine
6724,Craggie,540748,Kahlil
1837,Talya,314455,Yanaton
7149,Regen,268588,Steward
7395,Mychal,50509,Sigismondo
6712,Darice,179967,Harriot
7510,Clem,618752,Rice
3584,Marcile,932024,Rickey
7443,Faina,10282,Madison
7882,Jenda,69344,Geoffry
1260,Jewelle,478900,Dur
7973,Galven,217625,Sabina
6590,Aila,97312,Greta
3695,Ogdon,518301,Noni
5312,Peta,269881,Graehme
5352,Amelina,666924,Gracie
1290,Evita,760474,Jonell
6493,Seth,748836,Cathlene
6997,Gerome,751909,Baxie
2781,Serene,400639,Johny
1622,Sascha,133944,Dagny
3952,Ophelie,303596,Terrell
4710,Dewey,367386,Amalea
5156,Clerissa,214215,Con
5569,Hendrik,252551,Vitoria
7371,Gillan,536464,Hollyanne
8445,Gloria,244777,Miles
1100,Darnell,39687,Malachi
1050,Alayne,32691,Gerladina
3530,Raquela,744910,Loria
3900,Wade,603096,Catlin
4412,Hermina,813259,Dillon
2842,Anjela,955275,Frederigo
1255,Lynett,339308,Florette
3766,Selena,93995,Becky
1152,Keefe,436310,Devan
2563,Orren,416963,Heinrik
7527,Myranda,246453,Esra
4484,Constancy,536252,Quentin
1822,Mario,628969,Ruddy
3252,Darla,92058,Nelie
5988,Rosene,312810,Carlee
2389,Juana,267956,Zoe
8766,Pen,357071,Lon
8807,Rodney,826367,Westleigh
5987,Dougie,321222,Tommi
5747,Grady,587695,Jerrold
3652,Giusto,203633,Leonhard
5039,Sheffie,862817,Kristofer
5175,Hadleigh,427824,Westleigh
3763,Jeanelle,760325,Alika
8582,Elna,923642,Dotti
2547,Rey,527513,Ethelda
8770,Axe,771590,Tait
8138,Guss,953043,Gusty
4052,Christie,849217,Reginald
4333,Alfy,972283,Zollie
6759,Lily,268432,Dickie
4065,Maren,225704,Merrill
6468,Thorny,101155,Chaim
7361,Elaina,405838,Theda
4363,Constantine,477639,Sibilla
1417,Norris,304400,Thedrick
6352,Allayne,357896,Jordon
6905,Josee,931420,Claire
2956,Kippy,211586,Fidela
6872,Nyssa,470420,Valentina
8992,Christoffer,456705,Ashlin
1118,Melvin,591584,Mallorie
5300,Dana,97994,Larissa
7154,Latia,90697,Far
3473,Donelle,471048,Gregorius
8330,Kippy,898332,Der
7408,Francis,315649,Alyosha
6286,Stewart,121806,Marianne
6464,Irita,993896,Flory
8033,Hollyanne,784175,Harriet
2510,Lucio,722047,Michaeline
8502,Beckie,958085,Farlie
6970,Lind,255852,Darda
1928,Anson,670363,Appolonia
2073,Dietrich,512436,Karalee
4367,Lou,85605,Elbert
1359,Matias,177104,Godard
1562,Risa,332802,Morgan
7806,Edmon,27498,Yolande
3295,Ignazio,741905,Marcela
5774,Joellen,182532,Yolande
2166,Josey,161074,Maighdiln
6562,Hunter,570662,Paddie
4541,Vite,395441,Celestia
5529,Beale,349848,Carmina
8201,Lalo,831830,Maryrose
8684,Luke,600896,Ulrick
1181,Gardner,784342,Maryjo
2819,Hedi,673873,Brennen
8506,Charmion,206246,Derby
4364,Michaella,51847,Lisetta
3794,Jimmy,788360,Dewitt
2902,Park,444080,Fara
6078,Wilmar,36305,Gran
2657,Ailee,487206,Leland
3638,Karl,821685,Clem
3015,Fernande,696874,Vaughan
5303,Ingrim,82389,Ferris
6040,Dolph,584312,Nels
7893,Abagael,356522,Nesta
7917,Loella,822032,Hamel
3426,Lusa,232066,Lana
5735,Bert,511108,Albie
8994,Fredrika,283880,Alexandro
4954,Noak,551237,Abbie
2534,Sofie,496519,Rubin
5174,Hurleigh,191256,Kylie
4508,Ashleigh,557462,Judith
5792,Filide,888510,Cassi
5646,Adore,365024,Chaddy
3404,Randa,485992,Stillman
7896,Brennan,13043,Maddie
7129,Wilmar,230404,Sarena
6749,Muriel,263943,Sarene
2123,Alfred,378476,Cordy
5564,Gray,370877,Cyrille
4317,Jobie,165757,Marin
8333,Johann,123479,Farrell
5347,Margeaux,321107,Maire
7691,Jane,245347,Penn
1337,Tamarah,997123,Gabbey
8579,Jonas,314188,Kerwin
8916,Orion,384216,Almira
5540,Row,889882,Zeb
4693,Ivonne,492826,Allyce
1136,Philippine,267925,Carla
8790,Diahann,265372,Drugi
3791,Dorian,956956,Bryan
2516,Joline,791347,Austin
3833,Maryjo,191300,Nahum
2908,Germain,799602,Lynnet
4202,Mordecai,656762,Finley
2346,Beau,258251,Grange
3160,Ilyssa,93424,Katalin
